<?xml version="1.0" encoding="UTF-8"?>
<beans xmlns="http://www.springframework.org/schema/beans"
	xmlns:xsi="http://www.w3.org/2001/XMLSchema-instance" xmlns:jee="http://www.springframework.org/schema/jee"
	xmlns:tx="http://www.springframework.org/schema/tx" xmlns:context="http://www.springframework.org/schema/context"
	xmlns:aop="http://www.springframework.org/schema/aop"
	xsi:schemaLocation="http://www.springframework.org/schema/beans http://www.springframework.org/schema/beans/spring-beans-3.0.xsd 
	http://www.springframework.org/schema/tx http://www.springframework.org/schema/tx/spring-tx-3.0.xsd 
	http://www.springframework.org/schema/aop http://www.springframework.org/schema/aop/spring-aop-3.0.xsd 
	http://www.springframework.org/schema/context http://www.springframework.org/schema/context/spring-context-3.0.xsd"
	default-lazy-init="true">

	<description>Spring公共配置 </description>

	<context:annotation-config />

	<context:component-scan base-package="cn.newtouch.application" />

	<!-- 定义受环境影响易变的变量 -->
	<bean
		class="org.springframework.beans.factory.config.PropertyPlaceholderConfigurer">
		<property name="systemPropertiesModeName" value="SYSTEM_PROPERTIES_MODE_OVERRIDE" />
		<property name="ignoreResourceNotFound" value="true" />
		<property name="locations">
			<list>
				<value>classpath*:/application.properties</value>
			</list>
		</property>
	</bean>

	<!-- 数据源配置,使用应用内的DBCP数据库连接池 -->
	<bean id="dataSource" class="org.apache.commons.dbcp.BasicDataSource"
		destroy-method="close">
		<property name="driverClassName" value="${jdbc.driver}" />
		<property name="url" value="${jdbc.url}" />
		<property name="username" value="${jdbc.username}" />
		<property name="password" value="${jdbc.password}" />

		<property name="maxIdle" value="${dbcp.maxIdle}" />
		<property name="maxActive" value="${dbcp.maxActive}" />
		<property name="defaultAutoCommit" value="false" />
		<property name="timeBetweenEvictionRunsMillis" value="3600000" />
		<property name="minEvictableIdleTimeMillis" value="3600000" />
	</bean>

	<!-- Hibernate配置 -->
	<bean id="sessionFactory"
		class="org.springframework.orm.hibernate3.annotation.AnnotationSessionFactoryBean">
		<property name="dataSource" ref="dataSource" />
		<property name="namingStrategy">
			<bean class="org.hibernate.cfg.ImprovedNamingStrategy" />
		</property>
		<property name="hibernateProperties">
			<props>
				<prop key="hibernate.dialect">${hibernate.dialect}</prop>
				<prop key="hibernate.show_sql">${hibernate.show_sql}</prop>
				<prop key="hibernate.format_sql">${hibernate.format_sql}</prop>
				<prop key="hibernate.connection.release_mode">after_transaction</prop>
				<prop key="hibernate.hbm2ddl.auto">update</prop>
			</props>
		</property>
		<property name="packagesToScan">
			<list>
				<value>cn.newtouch.application.security.entity</value>
				<value>cn.newtouch.application.config.entity</value>
			</list>
		</property>
		<!-- <property name="mappingResources"> <list> <value>hbm/snaker.task.hbm.xml</value> 
			</list> </property> -->
	</bean>

	<bean class="org.springframework.jdbc.core.JdbcTemplate">
		<property name="dataSource" ref="dataSource" />
	</bean>

	<!-- 事务管理器配置,单数据源事务 -->
	<bean id="transactionManager"
		class="org.springframework.orm.hibernate3.HibernateTransactionManager">
		<property name="sessionFactory" ref="sessionFactory" />
	</bean>

	<tx:advice id="txAdvice" transaction-manager="transactionManager">
		<tx:attributes>
			<tx:method name="get*" propagation="REQUIRED" read-only="true" />
			<tx:method name="find*" propagation="REQUIRED" read-only="true" />
			<tx:method name="query*" propagation="REQUIRED" read-only="true" />
			<tx:method name="search*" propagation="REQUIRED" read-only="true" />
			<tx:method name="is*" propagation="REQUIRED" read-only="true" />
			<tx:method name="*" propagation="REQUIRED"  rollback-for="Exception"/>
		</tx:attributes>
	</tx:advice>

	<aop:config>
		<aop:advisor advice-ref="txAdvice"
			pointcut="execution(* cn.newtouch.application.*.service.*.*(..))" />
	</aop:config>
	<aop:aspectj-autoproxy proxy-target-class="true" />
</beans>